value,gas,gasPrice,fee
0.0,11000000,22.721091641,249932008.051
0.0,1119816,23.221091641,26003349.957058057
0.0,1856348,21.771091641,40414722.42558707
0.06997000000000002,100000,22.721091641,2272109.1641
0.0,220436,23.721091641,5228982.556975476
0.83468897,207128,23.721091641,4913302.269417048
0.0,207128,23.721091641,4913302.269417048
0.0,668064,21.771091641,14544482.566053025
0.08,21000,555.0,11655000.0
0.04,280382,24.721091641,6931349.116486862
29.9982,105000,31.721091641,3330714.622305
0.75,129283,24.221091641,3131375.3906234032
0.0,412771,21.821091641,9007113.817747211
0.0,373244,21.821091641,8144591.528453403
0.0,164134,22.021091641,3614409.855403894
0.0,257440,23.721091641,6106757.832059041
0.0,284153,27.821091641,7905446.653065072
0.0,300014,22.721091641,6816645.587582975
0.0,320027,21.821091641,6983338.494594307
0.132517,90000,21.771091641,1959398.24769
0.07,233750,23.721091641,5544805.17108375
0.9,131069,22.021091641,2886282.4602942294
0.0,258475,21.821091641,5640206.6619074745
0.0,227138,21.821091641,4956399.113153458
0.0,257484,21.821091641,5618581.9600912435
0.1,205260,21.821091641,4478997.2702316595
0.02861944,216410,21.821091641,4722302.442028809
0.41748939600238066,185997,21.821091641,4058657.5819510766
0.03870628931204858,199036,21.821091641,4343182.795858076
0.013,183892,21.821091641,4012724.184046772
0.0,195541,21.821091641,4266918.080572781
0.17388268178557018,186003,21.821091641,4058788.508500923
0.195,168916,21.821091641,3685931.515631156
0.021,183669,21.821091641,4007858.080610829
0.0,189700,27.6,5235720.0
0.03403750022537963,149236,21.821091641,3256492.432136276
0.0,83546,32.857577724,2745119.188529304
0.0,56654,24.721091641,1400548.725829214
0.0,56652,24.721091641,1400499.283645932
0.0,56652,24.721091641,1400499.283645932
0.0,56652,24.721091641,1400499.283645932
0.0,56652,24.721091641,1400499.283645932
0.001021559,70000,32.0,2240000.0
0.0,99226,21.821091641,2165219.6391698658
0.0,104539,21.821091641,2281155.099058499
0.0,94813,21.821091641,2068923.161758133
0.0,120000,26.286062179,3154327.46148
0.0,39617,22.021091641,872409.5875414971
0.196,319354,23.26858353,7430915.224639621
0.0,76242,21.821091641,1663683.6688931219
0.045,21000,21.771091641,457192.924461
0.0,200000,23.721091641,4744218.3282
0.0,200000,23.721091641,4744218.3282
0.0,55729,21.821091641,1216067.6160612889
0.0,95586,21.771091641,2081011.5655966261
0.0,44532,22.701091641,1010925.012957012
0.0,51522,21.821091641,1124266.283527602
0.435892613880198,21000,27.571091641,578992.924461
0.0,46528,21.821091641,1015291.7518724479
0.0,46364,21.821091641,1011713.092843324
0.0,50000,21.921091641,1096054.58205
0.071200000000009,39808,21.821091641,868654.016044928
0.0,55606,25.383909306,1411497.6608694359
3.0603927605043353,21000,23.721091641,498142.924461
0.0,69529,21.811091641,1516503.390707089
0.0,21000,21.821091641,458242.92446099996
0.05,21000,21.821091641,458242.92446099996
0.002,21000,21.821091641,458242.92446099996
0.10418045344644501,21000,21.821091641,458242.92446099996
0.15156,21000,21.821091641,458242.92446099996
0.024540099320230095,21000,21.821091641,458242.92446099996
0.049409709507404,21000,21.821091641,458242.92446099996
0.031048202694241,21000,26.276062179,551797.305759
0.00712346,21000,22.721091641,477142.924461
0.174,21055,23.1,486370.50000000006
0.604526990337755,21000,22.767595123,478119.497583
0.0,64200,21.905051816,1406304.3265872
0.0,700000,27.721091641,19404764.1487
0.0,650000,27.721091641,18018709.56665
0.5,231440,26.721091641,6184329.4493930405
0.1,228163,26.721091641,6096764.432085483
0.0,247812,24.721091641,6126183.161739492
0.2,265104,24.721091641,6553660.278395664
0.05,280382,24.721091641,6931349.116486862
0.0,6000000,23.111345635,138668073.81
0.0,6000000,23.111345635,138668073.81
0.0,501310,21.821091641,10939131.450549709
0.0,264163,21.789590788,5756003.6713304445
0.0,11000000,22.721091641,249932008.051
0.14692,90000,22.539063147,2028515.68323
0.0,220436,23.721091641,5228982.556975476
0.0,21000,21.821091641,458242.92446099996
0.030239869916355997,21055,21.721091641,457337.584501255
0.08,21000,555.0,11655000.0
0.05,247293,96.946848177,23974276.926234864
0.1,264383,72.946848177,19285906.561579794
3.0826777e-11,267804,21.946848177,5877453.729193307
0.5,196123,22.046848177,4323894.005017771
0.95,163720,22.859646223,3742581.2796295597
3.237432e-11,227266,48.460725391,11013475.216711005
0.0,312351,29.946848177,9353927.974934127
0.0,822184,23.946848177,19688715.421558566
0.12,378752,26.946848177,10206172.640735105
0.0,700000,27.946848177,19562793.7239
0.05,228151,26.946848177,6147950.358430727
0.06139187,90000,40.0,3600000.0
0.0,126881,27.0,3425787.0
0.0,82650,32.6566374,2699071.08111
0.0,247794,24.946848177,6181679.297171538
0.0,263952,24.946848177,6584770.4700155035
0.234,215497,24.481095696,5275602.679200912
0.0,298396,24.837376498,7411373.797497208
0.0,169261,23.946848177,4053267.469287197
0.0,195610,23.946848177,4684242.97190297
2.0,1173378,22.246848177,26103962.220231906
0.0,500000,23.000304406,11500152.203000002
0.0,73051,24.446848177,1785866.706178027
0.194920254,21000,29.797460056,625746.661176
0.0,55825,25.12612531,1402665.94543075
0.0,420000,25.12612531,10552972.6302
0.0,55863,24.946848177,1393605.779711751
0.0,53469,24.946848177,1333883.025176013
70.0,21000,28.046848177,588983.811717
0.0,500000,23.946848177,11973424.0885
0.25495561238983,21000,27.38131477,575007.61017
0.0,54066,23.946848177,1294710.293537682
0.0,269419,23.946848177,6451735.888999163
0.0,80000,23.946848177,1915747.8541599999
0.0,57636,23.946848177,1380200.5415295719
0.0,70000,23.946848177,1676279.37239
0.91655478,21000,26.299034428,552279.722988
0.0,100000,23.946848177,2394684.8177
0.016065868515068246,56126,23.946848177,1344040.800782302
0.0,207128,23.946848177,4960062.769205656
0.0,11000000,22.946848177,252415329.947
0.0,11000000,22.946848177,252415329.947
0.0,29142,24.446848177,712430.0495741339
0.0,46581,23.446848177,1092177.634932837
0.10095891592864491,21000,25.027848177,525584.811717
0.1,21000,25.027848177,525584.811717
0.0,120000,22.946848177,2753621.78124
0.04840606,21000,24.951848177,523988.811717
0.1,21000,24.951848177,523988.811717
0.30921643,150000,21.996848177,3299527.2265500003
0.02411977,90000,21.996848177,1979716.33593
0.181884,21000,22.0,462000.0
0.00241725,22000,22.0,484000.0
0.08,31500,22.046848177,694475.7175755
0.008,21000,22.046848177,462983.81171700003
0.0355,31500,22.046848177,694475.7175755
0.00303,21000,22.046848177,462983.81171700003
0.0065,21000,22.046848177,462983.81171700003
0.148957258849829,21000,22.046848177,462983.81171700003
0.0,60715,21.996848177,1335538.637066555
0.0,73345,21.996848177,1613358.829542065
0.02,40993,22.046848177,903766.447319761
0.0,86490,21.996848177,1902507.39882873
0.0,94813,21.996848177,2085587.166205901
0.0,39044,22.046848177,860797.1402227881
0.0,36003,22.046848177,793752.6749165311
0.015,210000,22.146848177,4650838.1171699995
0.0,46219,22.046848177,1018983.275892763
0.0,46240,22.046848177,1019446.2597044801
0.0,46250,22.046848177,1019666.7281862501
0.0,46276,22.046848177,1020239.9462388521
0.0,46568,22.046848177,1026677.625906536
0.0,46922,22.046848177,1034482.2101611941
0.015181529999999001,21886,22.17072662,485228.52280532
0.09,200000,22.046848177,4409369.6354
0.0,69529,22.036848177,1532200.016898633
0.09953305887705101,21000,22.235291569,466941.12294900004
0.0,65893,22.046848177,1452732.966927061
0.0,104539,22.046848177,2304755.4615754033
0.0,104946,22.046848177,2313728.528783442
0.0,60000,22.146848177,1328810.89062
0.0,130836,22.046848177,2884521.428085972
0.0,138090,22.046848177,3044449.2647619303
0.07549015583118461,261837,21.996848177,5759588.736121149
0.0,50000,22.146848177,1107342.40885
0.0,50000,22.146848177,1107342.40885
0.0,420000,22.146848177,9301676.234339999
0.0,229597,22.046848177,5061890.20089467
0.0,420000,22.146848177,9301676.234339999
0.105,196077,22.046848177,4322879.850001629
0.0,192157,22.046848177,4236456.205147789
0.0001,198424,22.046848177,4374623.802673048
0.0,203556,22.046848177,4487768.227517412
0.65,193166,22.046848177,4258701.474958383
0.1,208389,22.046848177,4594320.644756854
0.05,201139,22.046848177,4434480.995473603
0.0,1900000,22.046848177,41889011.5363
0.021345,147417,22.046848177,3250080.2177088093
0.01778322500340702,192819,22.046848177,4251051.218640964
0.07,235989,22.046848177,5202813.654442053
0.16,204412,22.046848177,4506640.329556924
0.0,244311,22.046848177,5386287.524971047
0.5789,235214,22.046848177,5185727.347104878
0.0,253071,22.046848177,5579417.915001567
0.0,251185,22.046848177,5537837.559339745
0.0588014,22050,22.859646223,504055.19921715
0.0,269983,22.046848177,5952274.211370992
1.5,21000,22.936848177,481673.81171700003
0.4,215958,22.046848177,4761193.238608566
0.02970903,500000,22.952525908,11476262.954
0.518398833607474,21000,23.000304406,483006.39252600004
0.012159047681084577,21000,23.446848177,492383.811717
0.005618316287651664,21000,23.446848177,492383.811717
0.0699752,21000,23.546848177,494483.81171700003
0.0,166970,22.246848177,3714556.24011369
0.07544981707553901,21000,23.721091641,498142.924461
0.029501857075539,21000,23.721091641,498142.924461
0.001304660040255,55000,23.946848177,1317076.649735
0.01713324,207128,23.946848177,4960062.769205656
0.00904,207128,23.946848177,4960062.769205656
0.24924359,207128,23.946848177,4960062.769205656
0.99804,207128,23.946848177,4960062.769205656
0.19,207128,23.946848177,4960062.769205656
0.17285271,207128,23.946848177,4960062.769205656
0.0,84000,22.946848177,1927535.246868
0.06032854,500000,22.952525908,11476262.954
0.06032818,500000,22.952525908,11476262.954
0.0,104539,22.046848177,2304755.4615754033
0.0,220436,23.946848177,5278747.424745172
0.014244684179668177,507298,21.946848177,11133592.186495746
0.05477789465583649,21033,21.946848177,461608.057706841
0.0,217676,21.555243716,4692059.2311240155
9.455127902e-09,407914,21.455243716,8751894.285168422
0.0,507047,21.755243716,11030931.06046665
0.0,900000,23.555243716,21199719.3444
0.1,184144,21.555243716,3969268.798839104
1.1,165144,21.555243716,3559719.168235104
9.463752191e-09,494864,231.734716489,114677168.74061249
0.0,126479,26.0,3288454.0
0.015330346875570663,21000,90.0,1890000.0
0.1,264509,39.455243716,10436267.060075443
0.0,2000000,28.59590263,57191805.260000005
3.5,21000,27.555243716,578660.1180359999
0.02,700000,27.455243716,19218670.6012
0.0,62511,27.38131477,1711633.36758747
0.0,70000,27.38131477,1916692.0339
4.543582038917294,21000,27.105243716,569210.118036
0.0,200000,26.455243716,5291048.743199999
0.0,1308608,26.396217812,34542301.7985257
0.010231289437879756,21000,26.386217812,554110.5740520001
0.0,35745,26.125309969,933849.204841905
0.003973315048652021,21000,26.115309969,548421.5093489999
0.0,94813,26.115309969,2476070.884090797
0.05,274098,25.695243716,7043014.912068168
0.0,200000,25.0,5000000.0
0.2,264509,24.955243716,6600886.560075443
0.1105,21000,24.460243716,513665.118036
0.0622,21000,24.457243716,513602.118036
0.2,280400,24.455243716,6857250.337966399
0.0,18500000,24.455243716,452422008.746
0.0,56626,24.455243716,1384802.6306622159
0.0,56652,24.455243716,1385438.4669988318
0.0,56652,24.455243716,1385438.4669988318
0.0,56652,24.455243716,1385438.4669988318
0.01,295368,24.455243716,7223296.425907487
0.04,264509,24.455243716,6468632.060075443
0.3,246120,24.455243716,6018924.583381919
0.0,387965,24.455243716,9487778.628277939
0.0,372197,24.455243716,9102168.345364051
0.0,350000,24.196532995,8468786.548249999
0.04508,350000,24.196532995,8468786.548249999
0.06405,350000,24.196532995,8468786.548249999
0.00454747,21000,24.0,504000.0
0.0,600000,23.555243716,14133146.2296
0.0,282060,23.455243716,6615786.0425349595
0.54,224841,23.455243716,5273700.452349155
0.0,500000,23.455243716,11727621.858
0.0,54066,23.455243716,1268131.206749256
0.002314794424625086,21000,23.455243716,492560.11803599994
0.01714,207128,23.455243716,4858237.720407648
0.00884,207128,23.455243716,4858237.720407648
0.0,207128,23.455243716,4858237.720407648
0.04476027,207128,23.455243716,4858237.720407648
0.01001801,207128,23.455243716,4858237.720407648
0.04205633,207128,23.455243716,4858237.720407648
0.0,148889,23.455243716,3492227.7816315237
0.0,207128,23.455243716,4858237.720407648
0.0,100000,23.455243716,2345524.3715999997
0.0,257440,23.455243716,6038317.94224704
0.00061875,122878,23.1,2838481.8000000003
1.2,21000,23.1,485100.00000000006
0.01,53000,22.955243716,1216627.916948
0.01,53000,22.955243716,1216627.916948
0.01,53000,22.955243716,1216627.916948
0.016,307087,22.955243716,7049256.9270152915
0.0,46581,22.955243716,1069278.2075349959
0.075,23100,22.605243716,522181.1298396
0.0,261630,22.465243716,5877581.71341708
0.0,129789,22.465243716,2915741.516655924
0.0,46523,22.455243716,1044685.303399468
0.0,11000000,22.455243716,247007680.876
0.0,11000000,22.455243716,247007680.876
0.053590418507277,21000,22.254905057,467353.006197
0.0,157700,22.0,3469400.0
0.0,46934,21.955243716,1030447.408566744
0.001677087915459062,21000,21.771091641,457192.924461
0.04,263107,21.755243716,5723956.908385612
0.0,262300,21.755243716,5706400.426706799
0.01,680631,21.755243716,14807293.285664795
0.499538,21000,21.734152075,456417.19357500004
0.0,233035,21.734152075,5064818.128797625
0.0,65000,21.734152075,1412719.884875
0.019732861736728485,21000,21.713635871,455986.353291
0.03070309864272089,21000,21.713635871,455986.353291
0.058459968970890334,21000,21.713635871,455986.353291
0.06040858246676303,21000,21.713635871,455986.353291
0.0,300000,21.695243716,6508573.1148
0.0,130900,21.660935941,2835416.5146769
0.010792281587145,21000,21.653257755,454718.41285499994
0.0,31160,21.605243716,673219.39419056
0.0,80000,21.565243716,1725219.49728
0.08718794275126548,21000,21.555243716,452660.118036
0.006,21000,21.555243716,452660.118036
0.0,47146,21.555243716,1016243.520234536
0.02244902927441671,82380,21.555243716,1775720.97732408
0.0,322572,21.555243716,6953118.075957552
0.0,46264,21.555243716,997231.795277024
0.0,69145,21.555243716,1490437.32674282
0.05,221932,21.555243716,4783798.348379312
0.0,50719,21.555243716,1093260.406031804
0.0,104503,21.555243716,2252587.634053148
0.5,223255,21.555243716,4812315.93581558
0.999378309281008,21000,21.555243716,452660.118036
0.0,46887,21.555243716,1010660.712112092
0.0,235663,21.555243716,5079773.399843708
0.0,48489,21.555243716,1045192.212545124
0.0,46918,21.555243716,1011328.924667288
0.0,245736,21.555243716,5296899.369794976
0.09937,21000,21.555243716,452660.118036
0.01,21000,21.555243716,452660.118036
0.029239522508385917,21000,21.555243716,452660.118036
0.0,104593,21.555243716,2254527.605987588
0.132,21000,21.555243716,452660.118036
0.073,21000,21.555243716,452660.118036
0.0,305060,21.555243716,6575642.64800296
0.0,94813,21.555243716,2043717.3224451079
0.0,257455,21.555243716,5549505.27090278
1.0,31582,21.555243716,680757.707038712
0.0,46288,21.555243716,997749.121126208
1.0,21000,21.555243716,452660.118036
0.1,230847,21.555243716,4975963.346107452
0.0,77584,21.549243716,1671876.524462144
0.0,50719,21.545243716,1092753.216031804
0.2424464013679985,21000,21.505243716,451610.118036
0.7510663686865892,21000,21.505243716,451610.118036
0.06,228880,21.505243716,4922120.181718079
0.0,85960,21.505243716,1848590.7498273598
0.122,21000,21.505243716,451610.118036
0.0,47128,21.505243716,1013499.1258476479
0.4300942724232931,319238,21.505243716,6865290.993408408
0.05862196809791698,228938,21.505243716,4923367.485853608
0.06,21000,21.505243716,451610.118036
0.021219,21000,21.505243716,451610.118036
0.09291120589991105,32000,21.455243716,686567.7989119999
3.26772379e-10,168695,20.868047667,3520335.301184565
0.0,258518,20.968047667,5420617.746777507
3.18874436e-10,144751,213.470680472,30900094.46900247
0.05554261547515805,21000,32.257865574,677415.177054
0.05230357626130401,21000,32.257865574,677415.177054
0.0,150000,30.0,4500000.0
0.06086324,50000,29.0,1450000.0
0.04573,50000,29.0,1450000.0
0.0985,50000,29.0,1450000.0
0.50295,50000,29.0,1450000.0
0.1,247293,28.868047667,7138866.11171543
0.2,328187,27.95681683,9175063.84498721
0.0,2854249,21.868047667,62416853.18548708
0.218,458204,20.868047667,9561822.913210068
0.0,700000,26.868047667,18807633.3669
0.0,327572,26.0,8516872.0
0.07721308,60000,25.0,1500000.0
0.0,192392,24.196532994,4655219.375781648
0.1,280382,23.868047667,6692170.940968794
0.0,377562,23.868047667,9011667.813247854
0.0,55894,23.868047667,1334080.656299298
0.0,56652,23.868047667,1352172.636430884
0.0,56652,23.868047667,1352172.636430884
0.033887,21000,23.689047667,497470.001007
0.0,150258,23.368047667,3511236.1063480857
0.05,158920,23.1,3671052.0
0.0,500000,23.096690585,11548345.2925
0.1645204,21000,23.0,483000.0
0.009517,21000,23.0,483000.0
0.05694421297909101,338525,22.868047667,7741405.836471175
0.0,740000,22.868047667,16922355.27358
0.0,220436,22.868047667,5040940.955522812
0.0,220436,22.868047667,5040940.955522812
0.0,220436,22.868047667,5040940.955522812
0.0,80000,22.868047667,1829443.81336
0.05072500387470948,21000,22.868047667,480229.001007
0.00981995,207128,22.868047667,4736612.977170376
2.3706491,207128,22.868047667,4736612.977170376
0.043995,207128,22.868047667,4736612.977170376
11.00004,207128,22.868047667,4736612.977170376
0.03904,207128,22.868047667,4736612.977170376
0.30610169,90000,22.868047667,2058124.2900299998
0.53989327,90000,22.868047667,2058124.2900299998
0.16,21000,22.65,475649.99999999994
0.015883115781309,49000,22.57,1105930.0
0.0,51461,22.368047667,1151082.100991487
0.0,56652,22.368047667,1267194.636430884
0.011186889881964,21000,22.005243716,462110.118036
0.36402426,105000,21.905051816,2300030.44068
0.12116,105000,21.905051816,2300030.44068
0.011888810013143111,240423,20.918047667,5029179.774243141
0.0,269954,20.918047667,5646910.639897318
0.12,194877,20.918047667,4076446.375201959
0.095735350264438,21000,20.918047667,439279.001007
0.0,56232,20.952517664,1178201.973282048
0.0,228319,20.962047667,4786033.761281773
0.0,46132,20.968047667,967297.974974044
0.0,104575,20.968047667,2192733.584776525
0.012,149251,20.968047667,3129502.0823474173
0.0,954963,20.968047667,20023709.704221323
0.07,224074,20.968047667,4698394.312935358
1.41,90000,20.968047667,1887124.29003
0.05,221918,20.968047667,4653187.202165307
0.0,47188,20.968047667,989440.233310396
0.0,31160,20.968047667,653364.36530372
0.05,223069,20.968047667,4677321.425030023
0.02,195861,20.968047667,4106822.784106287
0.0,48315,20.968047667,1013071.223031105
0.0,303741,20.968047667,6368855.7664222475
0.0,286549,20.968047667,6008373.090931183
0.0,46314,20.968047667,971114.159649438
0.0,195586,20.968047667,4101056.570997862
0.0,46668,20.968047667,978536.848523556
0.0,46819,20.968047667,981703.023721273
0.1,195890,20.968047667,4107430.85748863
0.0,476526,20.968047667,9991819.882564843
0.0,46936,20.968047667,984156.285298312
0.1,216410,20.968047667,4537695.19561547
0.065,270098,20.968047667,5663427.738761366
0.002075790482918005,21000,20.968047667,440329.001007
0.00182998137795562,21000,20.968047667,440329.001007
0.06062332906949252,21000,20.968047667,440329.001007
0.055647637026962626,21000,20.968047667,440329.001007
0.18187,21000,20.968047667,440329.001007
0.1,21000,20.968047667,440329.001007
0.3,21000,20.968047667,440329.001007
0.09938,21000,20.968047667,440329.001007
0.30210000000000903,21000,20.968047667,440329.001007
0.04585891643701199,21000,20.968047667,440329.001007
0.0,420000,21.068047667,8848580.02014
0.0193296,210000,21.068047667,4424290.01007
0.03914644,21000,21.108047667,443269.00100700004
0.0,46572,21.118047667,983509.715947524
0.0,54266,21.118047667,1145991.974697422
0.1,168899,21.118047667,3566817.132908633
0.02,188231,21.118047667,3975071.230407077
0.03527666578167065,21000,21.153257755,444218.41285499994
0.08,21000,21.153257755,444218.41285499994
0.05,186036,21.368047667,3975226.1157780117
0.004,406394,21.558047667,8761061.223582799
0.033261248790525784,21000,21.713635871,455986.353291
0.04395402060582976,21000,21.848047667,458809.001007
0.0,48792,21.868047667,1066985.781768264
0.0,300000,21.868047667,6560414.3001
0.0,2000000,21.868047667,43736095.334
0.0,11000000,21.868047667,240548524.33699998
0.0,180576,21.868047667,3948844.575516192
0.07578261,21000,21.868047667,459229.001007
0.05708244,21000,21.868047667,459229.001007
1.19976073,21000,21.868047667,459229.001007
0.06042602,21000,21.868047667,459229.001007
0.8737292,21000,21.868047667,459229.001007
0.63550530488983,21000,21.868047667,459229.001007
0.02834340174799921,21000,21.996848177,461933.81171700003
0.0,300000,21.505243716,6451573.1148
0.0,104647,20.968047667,2194243.284208549
0.07811344,21000,20.968047667,440329.001007
0.0,11000000,21.868047667,240548524.33699998
0.01,210000,21.068047667,4424290.01007
0.015125639999999002,21825,21.93419295,478713.76113374997
0.0,326186,20.968047667,6839483.596308062
0.0,275524,20.918047667,5763424.165402508
0.0016,21000,22.868047667,480229.001007
0.0,214166,23.868047667,5111724.296650722
0.015255,21000,22.868047667,480229.001007
0.0,70000,31.0,2170000.0
0.2,280400,23.868047667,6692600.5658268
9.24854e-12,144007,20.672228169,2976945.561933183
7.0,374650,20.772228169,7782315.283515851
9.299483e-12,139011,582.425184872,80963507.3742416
0.0,149290,23.172228169,3459381.94335001
0.00573254,60000,23.172228169,1390333.69014
0.0,142926,71.722820301,10251055.814340726
0.2,280382,41.452228169,11622458.638480559
0.1,293208,35.672228169,10459382.676976152
0.1,277335,35.672228169,9893157.399249615
0.374265,21000,35.0,735000.0
0.23361445492593716,21000,32.257865574,677415.177054
0.24834980930513859,21000,32.257865574,677415.177054
0.000726242451118812,192792,20.673228169,3985633.0051578484
0.0,79264,27.444415256,2175354.130851584
0.0,70000,27.213864551,1904970.51857
0.0,300010,20.672228169,6201875.17298169
0.0,700000,26.672228169,18670559.7183
0.017753189425948,21000,26.386217812,554110.5740520001
0.0,32385,25.806292459,835736.781284715
0.0,206204,25.669810921,5293217.691153884
0.05476526551647103,21000,25.0916572,526924.8012
0.16712455462054499,21000,25.0916572,526924.8012
0.0045,60000,25.0,1500000.0
0.04933596,21000,24.055754817,505170.851157
0.0,75000,24.0,1800000.0
0.0,190983,23.972228169,4578288.052400127
0.0,56652,23.672228169,1341079.070230188
0.1,247185,23.672228169,5851419.719954265
0.000511927564554,21000,23.672228169,497116.791549
0.05,247293,23.672228169,5853976.320596517
0.1,280256,23.672228169,6634283.977731264
0.05,253389,23.672228169,5998282.223514741
0.25,430235,23.672228169,10184621.086289715
0.0331827,500000,23.252621858,11626310.929000001
0.32,165246,23.072444238,3812629.1205525477
0.2942813667440794,274402,23.009852433,6313949.527320066
0.0,600000,22.772228169,13663336.901400002
0.0,200000,22.672228169,4534445.6338
0.0,207128,22.672228169,4696053.2761886325
0.0,220436,22.672228169,4997775.288661684
0.1012,207128,22.672228169,4696053.2761886325
0.0,207128,22.672228169,4696053.2761886325
0.0,90000,22.672228169,2040500.5352100001
0.0,67550,22.672228169,1531509.01281595
0.004546928852688751,163259,22.672228169,3701445.298642771
0.0,207128,22.672228169,4696053.2761886325
0.1806582,207128,22.672228169,4696053.2761886325
0.26489329,207128,22.672228169,4696053.2761886325
0.0,207128,22.672228169,4696053.2761886325
0.015876459523937,21000,22.672228169,476116.791549
0.01,53000,22.172228169,1175128.092957
0.01,53000,22.172228169,1175128.092957
0.0,69589,22.172228169,1542943.186052541
0.0,100000,22.172228169,2217222.8169
0.0,327697,22.172228169,7265772.654296793
0.02,198525,22.05,4377476.25
0.05996477704895,21000,21.96395005,461242.95105000003
0.11,151221,21.96395005,3321410.49051105
0.028686293413540426,21000,21.713635871,455986.353291
0.08830435,21000,21.672228169,455116.791549
0.09087109,21000,21.672228169,455116.791549
0.0,500000,21.672228169,10836114.0845
0.0,60100,21.672228169,1302500.9129569
0.0,11000000,21.672228169,238394509.859
0.0,300014,21.672228169,6501971.861894366
0.0,11000000,21.672228169,238394509.859
0.0,235933,21.672228169,5113193.808596677
0.002351,21000,21.652228169,454696.791549
0.008919329881,21000,21.505243716,451610.118036
0.05,21000,21.472228169,450916.791549
0.0,75851,21.472228169,1628689.9788468191
0.0,44546,21.472228169,956501.8760162741
0.0,193546,21.444415256,4150480.795137776
0.011468220998993,21000,21.418047667,449779.001007
0.0,70000,21.0,1470000.0
0.0,475441,20.972228169,9971057.13289753
0.035,241377,20.972228169,5062213.518748714
99.0,207329,20.922228169,4337784.644050601
0.0,53616,20.922228169,1121766.185509104
0.0,70000,20.918047667,1464263.33669
0.01,210000,20.872228169,4383167.91549
0.01,210000,20.872228169,4383167.91549
0.025,21000,20.772228169,436216.791549
0.3116,21000,20.772228169,436216.791549
0.0,74393,20.772228169,1545308.370176417
0.0,198408,20.772228169,4121376.246554952
0.0,21000,20.772228169,436216.791549
0.0,46870,20.772228169,973594.3342810301
0.0,151133,20.772228169,3139369.159865477
0.005,21000,20.772228169,436216.791549
0.0,399571,20.772228169,8299979.981715499
0.0063,191981,20.772228169,3987873.136112789
0.0,228296,20.772228169,4742216.602070024
0.0,46316,20.772228169,962086.5198754041
0.151,21000,20.772228169,436216.791549
1.0,21000,20.772228169,436216.791549
0.0,46568,20.772228169,967321.1213739921
0.14,227032,20.772228169,4715960.505664408
0.0,183113,20.772228169,3803665.0167100974
0.01,21000,20.772228169,436216.791549
0.0,257484,20.772228169,5348516.397866797
0.065,21000,20.772228169,436216.791549
0.012,21000,20.772228169,436216.791549
0.0,526296,20.772228169,10932340.596432025
0.15,33170,20.772228169,689014.8083657301
0.06,21000,20.772228169,436216.791549
0.000198,300000,20.772228169,6231668.450700001
0.001791949854358396,206894,20.772228169,4297649.374797086
1.0,21000,20.772228169,436216.791549
0.0,276418,20.772228169,5741817.766018642
0.03,21000,20.772228169,436216.791549
0.0,319483,20.772228169,6636373.772116628
0.04,200000,20.772228169,4154445.6338000004
0.0,225752,20.766228169,4688017.541608089
0.035,36319,20.766228169,754208.6408699111
0.0,50719,20.762228169,1053039.4505035111
0.004392427573493,21000,20.756698166,435890.661486
0.0,87147,20.756698166,1808883.975072402
0.07876480020468102,206610,20.722228169,4281419.5619970905
0.0,94795,20.722228169,1964363.619280355
0.0,236424,20.722228169,4899232.072627656
0.05862196809791698,216439,20.722228169,4485098.342670191
1.2122320068399925,21000,20.722228169,435166.791549
0.0,223964,20.722228169,4641033.109641916
0.0,46566,20.722228169,964951.2769176541
0.0,242374,20.699126556,5016930.099883944
0.0869831891222042,21000,20.672228169,434116.791549
0.04673336164141911,21000,31.3770715,658918.5015
0.20418525986487177,21000,31.3770715,658918.5015
0.0,2000000,27.975008028,55950016.056
3.275304130113129,63187,26.066455152,1647061.101689424
0.012727,21000,26.066455152,547395.558192
0.683283459131053,21000,25.716455152,540045.558192
0.0,75851,25.716455152,1950618.8397343522
0.0,56654,25.216455152,1428613.0501814082
0.0107246751988,21000,25.0916572,526924.8012
0.062147155234856616,21000,24.856673802,521990.149842
0.30116146,24088,24.216455152,583325.971701376
0.0,56654,23.216455152,1315305.0501814082
0.0,56652,23.216455152,1315258.6172711041
0.0,55926,23.216455152,1298403.470830752
0.0,56652,23.216455152,1315258.6172711041
0.0,255671,23.216455152,5935774.305166992
0.031,110000,23.216455152,2553810.06672
0.2,280400,23.216455152,6509894.0246208
0.0,241680,23.009852433,5561021.136007439
0.0,56580,22.917894358,1296694.4627756402
0.0,225721,22.917894358,5173050.0323821185
0.0,236441,22.917894358,5418729.8598998785
0.6639831813416205,190273,22.917894358,4360656.513179734
0.0,73051,22.716455152,1659459.7653087522
0.007,54920,22.300647,1224751.53324
0.0,50000,22.216455152,1110822.7576000001
0.0,250000,22.216455152,5554113.788000001
0.0,90000,22.216455152,1999480.96368
0.0,223737,22.216455152,4970643.026343024
0.01255936351696202,207573,22.216455152,4611536.245266097
0.0,500000,22.216455152,11108227.576000001
1e-09,272386,22.216455152,6051451.353032673
0.0,46565,22.216455152,1034509.23415288
0.85,183802,22.216455152,4083428.8898479044
0.00542108226578319,25200,21.96395005,553491.5412600001
0.04541327064443059,149208,21.716455152,3240268.8403196163
0.0,254100,21.716455152,5518151.254123201
0.0,740000,21.716455152,16070176.81248
0.011512333208451,21000,21.222228169,445666.791549
0.0,11000000,21.216455152,233381006.67200002
0.0,11000000,21.216455152,233381006.67200002
0.032723,23100,21.216455152,490100.1140112
0.0,169687,21.216455152,3600156.6253774245
0.015109659999999001,21809,21.081977159,459776.83986063104
0.0,105275,20.97895045,2208559.00862375
0.000692,22000,20.722228169,455889.019718
0.0,250000,20.544226983,5136056.745750001
0.0,39630,20.516455152,813067.1176737599
0.2,221976,20.516455152,4554160.648820352
0.0,138107,20.515467079,2833329.611879453
0.001356,21000,20.499126556,430481.65767600003
0.24599593592970445,463471,20.499126556,9500750.684035877
0.0,143570,20.466455152,2938368.96617264
0.01,188975,20.466455152,3867648.3623492005
0.000792,22000,20.423377807,449314.311754
0.000747,22000,20.423377807,449314.311754
6.0040576068,21000,20.423377807,428890.933947
0.3029,105000,20.423377807,2144454.669735
0.0,600000,21.41830509,12850983.054
0.21404077,105000,21.41830509,2248922.03445
4.90444747,105000,20.499126556,2152408.28838
0.06025613,105000,20.797460056,2183733.30588
0.24186724,105000,21.153257755,2221092.064275
0.21404077,105000,21.771091641,2285964.622305
0.0,600000,21.996848177,13198108.906200001
0.03029128095768914,21000,20.333556647,427004.68958700006
0.045,262702,20.326455152,5339800.421340704
1.0,21000,20.316455152,426645.55819199997
0.9,21000,20.316455152,426645.55819199997
0.002120727482850414,21000,20.316455152,426645.55819199997
0.0,94795,20.316455152,1925898.36613384
0.0,123810,20.316455152,2515380.31236912
0.0,46566,20.316455152,946056.050608032
0.0,104575,20.316455152,2124593.2975204
0.052100000000009014,21000,20.316455152,426645.55819199997
0.060626,21000,20.316455152,426645.55819199997
0.04354330708661416,164306,20.316455152,3338115.480204512
0.3383856501783482,117230,20.316455152,2381698.03746896
0.0,138090,20.316455152,2805499.29193968
0.0,60424,20.316455152,1227601.486104448
0.0,62427,20.316455152,1268295.345773904
0.0,272900,20.316455152,5544360.6109808
0.0,79001,20.316455152,1605020.2734631519
0.0204,191650,20.316455152,3893648.6298808
0.0,47173,20.316455152,958388.138885296
0.0,94813,20.316455152,1926264.0623265759
0.03216988675897337,183728,20.316455152,3732701.672166656
0.03830185494228325,21000,20.316455152,426645.55819199997
0.11448717678370791,208680,20.316455152,4239637.86111936
0.01818710897715699,21000,20.316455152,426645.55819199997
0.00255,71125,20.316455152,1445007.872686
0.0,46568,20.316455152,946096.683518336
0.0,291103,20.316455152,5914181.044112656
0.0,104521,20.316455152,2123496.208942192
0.022,31500,20.316455152,639968.337288
0.2,240478,20.316455152,4885660.502042656
0.0,46254,20.316455152,939717.3166006079
0.0,95839,20.316455152,1947108.745312528
0.7,21000,20.316455152,426645.55819199997
0.0,69529,20.316455152,1412582.8102634079
0.0,93264,20.310455152,1894234.2892961279
0.8,21000,20.310455152,426519.55819199997
0.010521990628449713,149236,20.310455152,3031051.085063872
0.0,272894,20.310455152,5542601.348249888
0.00160684,54000,20.310455152,1096764.578208
0.0,44206,20.276455152,896340.9764493121
0.018616814127327352,21000,20.266455152,425595.55819199997
0.30410991323032466,21000,20.266455152,425595.55819199997
0.0,91140,20.266455152,1847084.72255328
0.0,73170,20.266455152,1482896.52347184
0.0,634920,20.266455152,12867577.70510784
0.0,321951,20.266455152,6524805.502641551
0.05341905804677086,21000,20.266455152,425595.55819199997
0.0,111708,20.266455152,2263925.172119616
0.0,132851,19.408632391,2578456.221776741
0.0,273293,20.147937913,5506290.396057509
0.2763930413491602,129532,19.408632391,2514038.970871012
0.02,268544,49.408632391,13268391.776808703
0.0,1000000,49.408632391,49408632.390999995
0.0,39260,42.0,1648920.0
0.07,396441,38.408632391,15226756.63372043
0.22001602147224716,21000,31.3770715,658918.5015
0.0,100000,31.083342253,3108334.2253
0.0,210000,30.399682728,6383933.37288
0.11203999982508964,21000,30.399682728,638393.3372879999
0.5249771528981648,253204,30.0,7596120.0
0.025,21000,27.6,579600.0
0.164,328187,26.938896619,8840995.664699754
0.0,62130,26.147559583,1624547.87689179
0.142220501248757,21000,26.147559583,549098.751243
7.5464227,100000,25.722228169,2572222.8169
0.0,700000,25.408632391,17786042.6737
10.0,700000,25.408632391,17786042.6737
0.0,800000,25.408632391,20326905.9128
0.3,183892,25.408632391,4672444.2276457725
0.07,700000,25.408632391,17786042.6737
0.0,24728,24.866673802,614903.109775856
1.395203090889655,21000,24.856673802,521990.149842
0.0,375115,24.408632391,9156044.139349965
0.1,282470,24.319746182,6869598.70402954
0.19448792056230427,21000,24.319746182,510714.66982199997
0.0,210000,24.319746182,5107146.69822
0.022478626802715767,21000,24.309746182,510504.669822
0.0215353,21000,24.0,504000.0
0.04,294938,23.588632391,6957184.060136758
0.0,264729,23.408632391,6196943.844237039
0.0,52549,23.0,1208627.0
0.135,350000,22.794450986,7978057.8451000005
0.0,350000,22.794450986,7978057.8451000005
0.0,350000,22.794450986,7978057.8451000005
0.810793000000009,31500,22.508632391,709021.9203165
0.0,90636,22.508632391,2040092.4053906759
0.0,84000,22.410632391,1882493.120844
0.0375,237336,22.408632391,5318375.177150376
0.0,377508,22.408632391,8459437.996661628
0.0,56652,22.408632391,1269493.842214932
0.0,270428,22.408632391,6059921.640233348
0.0,270428,22.408632391,6059921.640233348
0.0,270446,22.408632391,6060324.995616387
0.085902573208451,21000,22.408632391,470581.280211
0.0,445877,22.408632391,9991493.784601908
0.0,247794,22.408632391,5552724.654695454
0.0,18500000,22.408632391,414559699.2335
0.0,261560,22.408632391,5861201.88818996
0.0,247668,22.408632391,5549901.167014188
0.0,383750,22.408632391,8599312.680046251
0.0,46230,21.908632391,1012836.07543593
0.07150000000000903,31500,21.608632391,680671.9203165
0.49854,207128,21.408632391,4434327.209883048
0.0,414256,21.408632391,8868654.419766096
0.0,220436,21.408632391,4719233.289742476
0.0,220436,21.408632391,4719233.289742476
0.11915882,90000,21.408632391,1926776.91519
0.012,189590,21.408632391,4058862.61500969
0.01167596979477984,21000,21.408632391,449581.280211
0.00011793908883616,21000,21.408632391,449581.280211
0.0,207128,21.408632391,4434327.209883048
0.0,220436,21.408632391,4719233.289742476
0.022,228880,21.408632391,4900007.78165208
0.0,220436,21.408632391,4719233.289742476
0.0,207128,21.408632391,4434327.209883048
0.00148054,21000,21.408632391,449581.280211
0.1306,21000,20.918047667,439279.001007
0.008310171769196,99319,20.908632391,2076624.460441729
5.000505936676722,149236,20.908632391,3120320.663503276
0.010932904441808,21000,20.766455152,436095.55819199997
0.0,80000,20.722228169,1657778.25352
0.0,55449,20.722228169,1149026.829742881
0.0,111784,20.408632391,2281358.5631955443
0.0,28114,20.408632391,573768.2910405741
0.0,11000000,20.408632391,224494956.301
0.0302294,21000,20.408632391,428581.280211
0.0,300014,20.408632391,6122875.438153475
0.008,21000,20.266455152,425595.55819199997
0.149106056489232,90000,20.207549353,1818679.4417700002
0.0,138107,21.505243716,2970024.693885612
1.5725007283848424,149236,20.173689834,3010640.7760668243
0.006,204336,20.147937913,4116949.041390768
0.49839396,21000,20.0,420000.0
0.0,300000,19.842975243,5952892.5729
0.001549,22000,19.80645257,435741.95654000004
0.0,600000,19.80645257,11883871.542000001
0.0,401711,19.80645257,7956469.86834727
0.0,229135,19.708632391,4515937.482911784
0.1,195031,19.708632391,3843794.2838491206
0.0,46324,19.658632391,910666.486880684
0.0,203381,19.658632391,3998192.3143139714
0.121,134033,19.658632391,2634905.475262903
0.0,53620,19.658632391,1054095.8688054201
0.0,204832,19.658632391,4026716.9899133123
0.027,224305,19.648632391,4407286.488463255
0.0,56652,19.648632391,1113134.322214932
0.06880116,210000,19.608632391,4117812.80211
0.002054,22000,19.594131851,431070.900722
0.05,21000,19.518632391,409891.280211
0.0,49492,19.518632391,966016.1542953721
0.0,83406,19.508632391,1627136.993203746
0.23739311607679117,21000,19.508632391,409681.280211
0.05,262702,19.508632391,5124956.746380482
0.0,254600,19.508632391,4966897.8067486
0.4,21000,19.508632391,409681.280211
0.0,36039,19.508632391,703071.602739249
0.0,45487,19.508632391,887389.161569417
0.01879248,21000,19.508632391,409681.280211
0.1,195890,19.508632391,3821545.99907299
0.0,236583,19.508632391,4615410.776959953
0.021968008473900857,21000,19.508632391,409681.280211
0.5,243196,19.508632391,4744421.362961636
0.0,64151,19.508632391,1251498.276515041
0.0,46217,19.508632391,901630.4632148469
0.0,89315,19.508632391,1742413.502002165
0.0,46571,19.508632391,908536.519081261
0.0,263962,19.508632391,5149537.623193142
0.992,227032,19.508632391,4429083.828993511
0.0,104521,19.508632391,2039061.7661397108
0.0,77431,19.508632391,1510572.914667521
0.0,324164,19.508632391,6323996.310396124
0.0075,163939,19.508632391,3198225.685548149
0.02,200691,19.508632391,3915206.9431821806
0.045,216480,19.508632391,4223228.74000368
0.0,462558,19.508632391,9023873.981516177
0.0,120894,19.508632391,2358476.604277554
0.0,47151,19.508632391,919851.525868041
174.2178137086223,450569,19.508632391,8789984.987780478
0.1,195890,19.508632391,3821545.99907299
0.0,83809,19.508632391,1634998.972057319
0.0,276462,19.508632391,5393395.528080641
0.0,296253,19.508632391,5779490.871730923
0.001718734497091678,21000,19.508632391,409681.280211
0.0,257433,19.508632391,5022165.762312302
0.0,225895,19.508632391,4406902.5139649445
0.05,228986,19.508632391,4467203.696685526
0.0,104485,19.508632391,2038359.4553736348
0.0,286520,19.508632391,5589613.35266932
0.112,21000,19.508632391,409681.280211
0.03,21000,19.502632391,409555.28021099995
0.001812,21000,19.502632391,409555.28021099995
0.0,55000,19.502581379,1072641.975845
0.0,55000,19.502581379,1072641.975845
0.0,5000000,19.497408548,97487042.74
0.0,203070,19.493102388,3958464.30193116
0.0,218038,19.493102388,4250237.058474744
0.00850242,21000,19.458632391,408631.28021099995
0.015,21000,19.458632391,408631.28021099995
0.01,21000,19.502632391,409555.28021099995
0.0,46234,19.458632391,899650.409965494
0.163301,21000,19.458632391,408631.28021099995
0.0,87219,19.458632391,1697162.458510629
0.0,69163,19.458632391,1345817.392058733
0.05,221932,19.458632391,4318493.203799412
0.003030580017099981,21000,19.458632391,408631.28021099995
0.006951765570369251,207072,19.458632391,4029337.926469152
1.29,416050,19.458632391,8095764.0062755495
0.058,42000,19.418632391,815582.560422
0.04728803,80000,19.408632392,1552690.5913600002
0.32599211965362396,21000,19.408632391,407581.280211
0.0,350000,31.19891323,10919619.6305
1e-18,21000,1299.0,27279000.0
0.1,247293,25.89891323,6404619.94938639
0.0,146729,24.459763106,3588956.5807802742
0.08,2000000,23.89891323,47797826.46
1.5,311762,23.89891323,7450772.98641126
0.0,261653,23.89891323,6253222.343369191
0.5001000056650877,217148,20.94891323,4549014.61006804
1.8000007e-11,161689,22.903055352,3703172.116809528
0.0,133951,20.99891323,2812825.42607173
0.0,213297,20.99891323,4479005.19521931
0.05,257307,38.0,9777666.0
0.17487961488220813,21000,30.399682728,638393.3372879999
0.0,100000,30.399682728,3039968.2728
0.018547015615003805,21000,30.399682728,638393.3372879999
0.0,150000,25.296222108,3794433.3162
0.005107811617829664,21000,24.309746182,510504.669822
0.06370348677567002,21000,24.309746182,510504.669822
0.0,46109,24.0,1106616.0
0.0,55926,23.89891323,1336570.62130098
0.0,55893,23.89891323,1335781.95716439
0.0,257703,23.89891323,6158821.63611069
0.0,65000,23.39891323,1520929.3599500002
1e-06,144660,23.39891323,3384886.7878518
0.0,100000,23.226685061,2322668.5061000003
0.0,263887,22.89891323,6042725.51552501
0.63094575,207128,22.89891323,4743006.099503441
0.0,207128,22.89891323,4743006.099503441
0.0,200000,22.89891323,4579782.646000001
0.0024240734736668,21000,22.89891323,480877.17783000006
0.71325945,50000,22.89891323,1144945.6615000002
0.0,82703,22.89891323,1893808.8208606902
0.0,236527,22.89891323,5416211.249552211
0.004,21000,22.89891323,480877.17783000006
0.0,64536,22.89891323,1477804.26421128
0.01125999,207128,22.89891323,4743006.099503441
0.0,207128,22.89891323,4743006.099503441
0.02924,207128,22.89891323,4743006.099503441
0.0594795,207128,22.89891323,4743006.099503441
0.0,46109,22.89891323,1055845.99012207
0.39216869,500000,22.633227576,11316613.788
0.024,276075,22.39891323,6183779.96997225
0.01,53000,22.39891323,1187142.4011900001
0.01,53000,22.39891323,1187142.4011900001
0.1102904695894956,149236,22.39891323,3342724.2147922805
0.0,47198,22.39891323,1057183.90662954
0.0,105313,22.39891323,2358896.74899099
0.0,63197,22.372357562,1413865.8808457141
0.0,192392,22.293100667,4289014.223525465
0.0,47128,22.05,1039172.4
0.32,175755,21.89891323,3848843.49473865
0.0,84000,21.89891323,1839508.7113200002
0.0,300000,21.89891323,6569673.9690000005
0.06,142271,21.89891323,3115580.28414533
0.0,84000,21.89891323,1839508.7113200002
0.0,166895,21.89891323,3654819.12352085
0.02425043423434,21000,21.89891323,459877.17783000006
0.02899428534322462,21000,21.713635871,455986.353291
0.04084585439069004,21000,21.713635871,455986.353291
0.001,23100,21.490280839,496425.4873809
0.05,185094,21.39891323,3960810.44539362
0.0,260895,21.19891323,5530690.46714085
0.0,176314,21.181584634,3734609.913159076
0.065430310998993,21000,21.15891323,444337.17783
197.46693365,210000,21.09891323,4430771.7783
0.01,210000,21.09891323,4430771.7783
0.0,300000,21.04891323,6314673.9690000005
0.25,21000,21.00891323,441187.17783
0.0,51162,21.00891323,1074858.01867326
0.25,353947,21.0,7432887.0
0.3333856501783482,117242,20.99891323,2461954.58491166
0.0,203527,20.99891323,4273845.81296221
0.035,21000,20.99891323,440977.17783
0.12,177526,20.99891323,3727853.07006898
0.5306298647128195,21000,20.99891323,440977.17783
0.0,296253,20.99891323,6220991.04112719
0.09938,21000,20.99891323,440977.17783
0.0,48612,20.99891323,1020799.16993676
0.0,114607,20.99891323,2406622.44855061
0.0,104611,20.99891323,2196717.31190353
0.15,275550,20.99891323,5786250.5405265
0.05,192087,20.99891323,4033618.24561101
0.30241255988266097,21000,20.99891323,440977.17783
0.0,31160,20.99891323,654326.1362468
3.274790793867478,21000,20.99891323,440977.17783
0.0,94795,20.99891323,1990591.9796378498
0.0,69163,20.99891323,1452347.83572649
0.0,232232,20.99891323,4876619.61722936
0.0,81960,20.99891323,1721070.9283308
0.3,221976,20.99891323,4661254.76314248
0.08430629084862899,21000,20.99891323,440977.17783
0.0,77391,20.99891323,1625126.89378293
0.0,104575,20.99891323,2195961.35102725
0.49561400892289736,21000,20.99891323,440977.17783
0.09612531045275216,21000,20.99891323,440977.17783
0.36019244,21000,20.99891323,440977.17783
0.25,192110,20.99891323,4034101.2206153
0.0,46373,20.99891323,973782.60321479
0.0,122926,20.983383227,2579403.366562202
0.4,195686,20.956407667,4100875.5907245623
0.14,180664,20.94891323,3784714.4597847196
0.0,204820,20.94891323,4290756.4077686
0.0212,21000,20.94891323,439927.17783
0.4,21000,20.94891323,439927.17783
0.0,1841931,20.94891323,38586452.694647126
0.009,68458,20.94891323,1434120.70189934
0.04110380262136468,21033,20.89891323,439566.84196659003
0.0,2870288,21.054229838,60431703.25325335
0.0,219380,33.0,7239540.0
1.6552824e-11,124854,20.054229838,2503850.812193652
0.0,410788,25.655316608,10538896.198767103
1.7507186e-11,110892,30.220213897,3351179.959466124
0.01612480270216591,21000,77.358877378,1624536.424938
0.01656617725706373,21000,77.358877378,1624536.424938
0.016337122314206445,21000,77.358877378,1624536.424938
0.016339145472086928,21000,77.358877378,1624536.424938
0.0,454494,23.054229838,10478009.135991972
0.43169522944562244,21000,48.775269159,1024280.6523389999
0.0,241598,23.043804553,5567337.092395694
0.0,285327,23.054229838,6577994.236987026
0.0,263418,23.054229838,6072899.115466285
0.0,112638,25.854229838,2912168.740492644
0.07,201867,22.054229838,4452021.214707546
5.0,3306444,20.154229838,66638832.32247607
0.0,55617,25.138695876,1398138.848535492
0.0,51957,27.0,1402839.0
0.0,104173,22.054229838,2297455.2849139743
0.07157741495661542,21000,29.187948586,612946.920306
0.08801683293519065,21000,29.187948586,612946.920306
0.00407159885736,90000,24.86667372,2238000.6348
0.04334,50000,29.0,1450000.0
2.1305105080698077,149236,21.554229838,3216667.044103768
0.0,2000000,21.054229838,42108459.676
0.0,2000000,21.054229838,42108459.676
0.06,226567,21.064229838,4772459.361706146
0.0,158300,22.0,3482600.0
0.0200064869518305,21000,27.054229838,568138.826598
0.0,55948,23.054229838,1289838.050976424
0.0,75000,23.0,1725000.0
0.0,94634,21.554229838,2039762.9864892922
0.34,193397,21.034229838,4067956.9479796863
0.0234458,100000,25.94891323,2594891.323
0.09,160893,20.918047667,3365567.443286631
0.0,46218,22.554229838,1042411.3946526841
0.12343891152698733,21000,24.309746182,510504.669822
0.24840654,21000,24.091250214,505916.254494
0.0,250000,21.884711439,5471177.85975
0.00432,60000,24.0,1440000.0
0.0,207128,22.054229838,4568048.517885264
0.449752402463751,21000,23.340358869,490147.536249
0.0,200000,21.054229838,4210845.9676
0.0,1500000,22.154229837,33231344.7555
0.06013548,207128,22.054229838,4568048.517885264
0.0686703,207128,22.054229838,4568048.517885264
0.66494015,207128,22.054229838,4568048.517885264
0.0171219,207128,22.054229838,4568048.517885264
0.19630062138237886,21000,22.054229838,463138.826598
0.0,191028,20.354229838,3888227.817493464
0.01,53000,21.554229838,1142374.181414
0.0,94795,20.404229838,1934218.96749321
0.06001385,21000,21.054229838,442138.826598
0.00606261,21000,21.054229838,442138.826598
0.00272817,21000,21.054229838,442138.826598
0.0,263644,20.154229838,5313541.771409672
0.000639,22000,20.94891323,460876.09105999995
0.04,242070,20.154229838,4878734.41688466
0.0,400000,20.154229838,8061691.935199999
0.0,400000,20.154229838,8061691.935199999
0.0,400000,20.154229838,8061691.935199999
0.0,228393,20.154229838,4603085.015390334
0.002,21000,20.722228169,435166.791549
0.0,179740,20.154229838,3622521.27108212
0.0,192226,20.154229838,3874166.9848393877
0.01,194833,20.154229838,3926709.062027054
0.0,420000,20.254229838,8506776.53196
0.10289951281054038,184202,20.154229838,3712449.4446192756
0.03820465359546935,183712,20.154229838,3702573.8719986556
0.0,300000,20.109229838,6032768.951400001
0.0,89887,20.154229838,1811603.2574483058
0.0,420000,20.254229838,8506776.53196
0.0,85458,20.154229838,1722340.173495804
0.0,48837,20.204229838,986713.972598406
0.0,104575,20.154229838,2107628.58530885
0.0,47151,20.184229838,951706.621091538
0.0,94813,20.154229838,1910882.993630294
0.0,682304,20.104229838,13717196.43538675
0.0,74393,20.154229838,1499333.620338334
0.0,60663,20.154229838,1222616.0446625939
0.0,51000,20.154229838,1027865.7217379999
0.0,46276,20.154229838,932657.139983288
0.0,43052,20.154229838,867679.902985576
0.0,51741,20.154229838,1042800.0060479579
0.0,31160,20.154229838,628005.80175208
0.0,73188,20.104229838,1471388.373383544
0.06062,21000,20.154229838,423238.82659799996
0.0666,21000,20.154229838,423238.82659799996
0.2336749146008816,21000,20.154229838,423238.82659799996
0.0994,21000,20.154229838,423238.82659799996
0.05360873978441313,21000,20.154229838,423238.82659799996
0.07577962073815413,21000,20.154229838,423238.82659799996
0.2547350558498804,21000,20.104229838,422188.82659799996
0.0,69503,20.144229838,1400084.406430514
0.0,477887,20.154229838,9631444.434592305
0.06862769650679548,25200,22.054229838,555766.5919176
0.0,44613,22.554229838,1006211.855762694
0.0304,21000,20.154229838,423238.82659799996
0.0,47128,20.104229838,947472.1438052639
0.0,72759,20.104229838,1462763.6587830419
0.019,21000,20.175229838,423679.826598
0.023164434441,21000,20.266455152,425595.55819199997
0.0,46277,20.304229838,939618.8442131261
0.05,212775,20.154229838,4288316.25378045
0.0,243588,20.154229838,4909328.537778744
0.17017353837135357,234162,20.154229838,4719354.767325756
0.0,262711,20.154229838,5294737.874970818
0.31679055,55000,21.054229838,1157982.64109
0.0,95000,21.554229838,2047651.83461
0.02727258,21000,21.054229838,442138.826598
1.01271993,21000,21.554229838,452638.826598
0.1614428,207128,22.054229838,4568048.517885264
0.3721585334082617,21000,22.054229838,463138.826598
0.07270435,21000,22.054229838,463138.826598
0.0,84000,21.054229838,1768555.306392
0.0,398105,20.234229838,8055348.0696569905
0.012347335934672386,21000,23.340358869,490147.536249
0.028732517812616216,21000,23.561277383,494786.825043
0.0,220436,22.054229838,4861546.208569368
0.0,207128,22.054229838,4568048.517885264
0.0,67442,22.054229838,1487381.368734396
0.0,126395,22.0,2780690.0
0.05,500000,21.554229838,10777114.919
0.02,161310,22.0,3548820.0
0.050094560162394886,21000,31.423369845,659890.766745
0.23,206316,22.054229838,4550140.4832568085
0.0,500000,21.996358891,10998179.4455
0.0,126242,26.0,3282292.0
0.05,247293,95.054229838,23506245.659328535
0.0,300000,20.154229838,6046268.9514
0.0,46792,20.154229838,943056.722579696
0.09,21000,20.154229838,423238.82659799996
0.38129728180207,21000,22.054229838,463138.826598
0.03440993247153534,21000,20.054229838,421138.826598
0.0,1000000,30.519239464,30519239.464
0.0,1000000,30.519239464,30519239.464
0.0,1000000,30.519239464,30519239.464
0.001803083029374646,1000000,20.519239464,20519239.464
6.998272e-12,221372,20.519239464,4542385.078624608
0.2,264401,220.519239464,58305507.43352107
0.05470548386211805,21000,31.423369845,659890.766745
0.020522860478383045,21000,31.423369845,659890.766745
0.0,1000000,30.519239464,30519239.464
0.0,1000000,30.519239464,30519239.464
0.046299777267689295,21000,30.156344757,633283.239897
0.026158488073492112,21000,30.156344757,633283.239897
0.0,700000,26.519239464,18563467.6248
0.0,500000,26.336541087,13168270.5435
0.0,64586,26.186141537,1691258.137308682
0.0252589884724979,21000,25.128695876,527702.613396
0.0,150000,24.125075805,3618761.3707500002
0.0,100000,23.620326234,2362032.6234
0.0,262317,23.519239464,6169496.338478088
0.02,268544,23.519239464,6315950.642620416
0.0,261542,23.519239464,6151268.927893489
0.21893,350000,23.043804553,8065331.59355
0.18408,350000,23.043804553,8065331.59355
0.0,350000,23.043804553,8065331.59355
0.0,276004,23.043804553,6360182.231846212
0.5,367585,23.019239464,8461527.13837444
0.003899908,305381,23.0,7023763.0
0.5,293094,23.0,6741162.0
0.002026519574083306,21000,22.519239464,472904.028744
0.0,100000,22.519239464,2251923.9464000002
0.0,46109,22.519239464,1038339.6124455761
0.0,55000,22.519239464,1238558.1705200002
0.06232415,207128,22.519239464,4664365.031699392
0.0,55000,22.519239464,1238558.1705200002
0.63046331,207128,22.519239464,4664365.031699392
0.0,70000,22.519239464,1576346.76248
0.00904,207128,22.519239464,4664365.031699392
0.20173398,207128,22.519239464,4664365.031699392
0.17968823,90000,22.519239464,2026731.5517600002
0.0,207128,22.519239464,4664365.031699392
0.0,286034,22.519239464,6441268.140845777
0.0,220436,22.519239464,4964051.070486304
0.049530886941152,21000,22.338717088,469113.05884799996
0.199530886941152,21000,22.338717088,469113.05884799996
0.0050284001635416,21000,22.293100667,468155.114007
0.01,53000,22.019239464,1167019.6915920002
0.0,64692,22.019239464,1424468.639405088
0.0,29488,22.019239464,649303.3333144321
0.025,151207,21.996358891,3326003.438831437
0.04871272433865311,21000,21.713635871,455986.353291
0.0,32894,21.539239464,708511.742928816
0.02705326,21000,21.519239464,451904.028744
0.15837669678571298,23300,21.519239464,501398.27951120003
4.96919183402447,23300,21.519239464,501398.27951120003
0.8841389611869332,23300,21.519239464,501398.27951120003
0.1597800862242014,23300,21.519239464,501398.27951120003
0.301794306627702,23300,21.519239464,501398.27951120003
0.0,26246,21.40449563,561782.39230498
0.0,26624,21.369239464,568934.631489536
2.486074889888044,112860,21.319239464,2406089.36590704
0.19,141767,21.019239464,2979834.5210928884
0.0,70000,21.0,1470000.0
0.0,70000,21.0,1470000.0
0.48141476,60000,21.0,1260000.0
0.0,1500000,20.840336908,31260505.362000003
0.0,857090,20.840336908,17862044.36047772
0.0,320081,20.819239464,6663842.986876584
0.3,234475,20.819239464,4881591.1733214
0.3,196392,20.819239464,4088732.076813888
0.0,39617,20.819239464,824795.8098452879
0.0,233070,20.769239464,4840686.64187448
0.065165,198585,20.769239464,4124459.4189584404
0.01,210000,20.719239464,4351040.28744
0.0,420000,20.719239464,8702080.57488
0.0192856,210000,20.719239464,4351040.28744
0.03687572,210000,20.719239464,4351040.28744
0.03006,210000,20.719239464,4351040.28744
0.12354207,210000,20.719239464,4351040.28744
0.0,256750,20.669239464,5306827.232382
1.662593,21000,20.669239464,434054.028744
0.0,260522,20.629239464,5374370.723640208
0.05,224473,20.629239464,4630707.270202472
0.0,104557,20.619239464,2155885.8206374478
0.0,167953,20.619239464,3463063.125697192
0.3252581658746878,198200,20.619239464,4086733.2617647997
11.19,100000,20.619239464,2061923.9464
0.0,195583,20.619239464,4032772.712087512
0.0606236965905233,21000,20.619239464,433004.028744
0.0,74110,20.619239464,1528091.83667704
0.003968169223766299,92227,20.619239464,1901650.598046328
0.05470123894951964,228103,20.619239464,4703310.379456792
0.0,28136,20.619239464,580142.921559104
0.0,250168,20.619239464,5158273.898229952
0.0,51569,20.619239464,1063313.559919016
0.0065,21000,20.619239464,433004.028744
0.0,46446,20.619239464,957681.1961449439
0.04304,21000,20.619239464,433004.028744
0.0,104575,20.619239464,2156256.9669478
0.05,233332,20.619239464,4811128.382614048
0.0,277951,20.619239464,5731138.228258264
0.065,254149,20.619239464,5240359.090536136
2.718955000000009,21000,20.619239464,433004.028744
0.08,216410,20.619239464,4462209.61240424
0.8424858277348917,21000,20.619239464,433004.028744
0.06,204537,20.619239464,4217397.382248168
0.0,138090,20.619239464,2847310.7775837597
0.04,21000,20.619239464,433004.028744
0.010279745121439875,21000,20.619239464,433004.028744
0.03,173387,20.619239464,3575108.072944568
0.039513948176249314,21000,20.619239464,433004.028744
0.07798292448299847,21000,20.619239464,433004.028744
0.354044104845743,21000,20.619239464,433004.028744
0.0,72188,20.619239464,1488461.658427232
0.0,50693,20.609239464,1044744.1761485521
0.0,119451,20.569239464,2457016.223214264
0.022986407343186813,21000,20.569239464,431954.02874399995
0.0,99244,20.569239464,2041373.6013652158
0.0,94813,20.569239464,1950231.3013002318
0.0,201911,20.569239464,4153155.709415704
0.0,94813,20.569239464,1950231.3013002318
0.007274466889066297,21000,20.569239464,431954.02874399995
0.04637864849322389,32000,20.519239464,656615.6628480001
1.4428456e-10,162908,19.614521439,3195362.4585846122
0.0,266610,21.0,5598810.0
1.41490873e-10,295902,48.193512703,14260556.795843108
0.0,8000000,24.614521439,196916171.512
0.0,300000,45.723784157,13717135.2471
0.0,375937,24.614521439,9253509.346213343
0.0,967375,22.715608209,21974511.491181374
0.0,131253,25.0,3281325.0
0.0,18500000,22.614521439,418368646.6215
0.00151564295089625,248654,21.614521439,5374537.213893106
0.0,265588,22.62616341,6009237.48773508
0.0,396825,22.218521439,8816864.770031175
0.0,192380,22.114652821,4254416.90970398
0.0,150258,22.114521439,3322883.762381262
0.0,55532,24.683087356,1370701.2070533922
0.0,62057,22.715608209,1409662.498625913
0.0,56652,22.614521439,1281157.868562228
0.5,214404,19.914521439,4269753.054607356
0.0,55893,22.614521439,1263993.446790027
0.0,46086,22.114521439,1019169.835037754
0.025,306281,22.614521439,6926398.240858359
0.0,261398,22.614521439,5911390.675111722
0.205,196152,19.914521439,3906273.209302728
0.0,382592,19.714521439,7542618.186389888
0.3,214096,19.714521439,4220800.1820041435
0.0168174581865661,21000,30.853859196,647931.043116
0.016392076278203965,21000,30.853859196,647931.043116
0.01650207138559775,21000,30.853859196,647931.043116
0.0167630498101755,21000,30.156344757,633283.239897
0.542,800000,29.614521439,23691617.1512
0.00499832,90000,27.768473276,2499162.5948400004
0.008426247386604,21000,26.078695876,547652.613396
0.0,8000000,24.614521439,196916171.512
0.0,8000000,24.614521439,196916171.512
0.0,8000000,24.614521439,196916171.512
0.0,8000000,24.614521439,196916171.512
0.0,8000000,24.614521439,196916171.512
0.0,8000000,24.614521439,196916171.512
0.0,8000000,24.614521439,196916171.512
0.05,80000,22.715608209,1817248.6567199999
24.73873503,80000,22.715608209,1817248.6567199999
0.1,80000,22.715608209,1817248.6567199999
0.0145314,80000,22.715608209,1817248.6567199999
0.9838831,80000,22.715608209,1817248.6567199999
0.0579,21000,22.399521439,470389.950219
0.006248,21000,22.0,462000.0
0.04584786447522577,21000,21.713635871,455986.353291
0.019634,90000,21.614521439,1945306.9295100002
0.0279111,207128,21.614521439,4476972.596617192
0.001086412407069168,21000,21.614521439,453904.950219
0.0,500000,21.614521439,10807260.7195
0.87,21000,21.614521439,453904.950219
0.0,60990,21.614521439,1318269.6625646101
0.12629354,21000,21.614521439,453904.950219
0.194571,21000,21.614521439,453904.950219
0.0,72602,21.614521439,1569257.485514278
0.15638683,207128,21.614521439,4476972.596617192
0.01839729,207128,21.614521439,4476972.596617192
0.07904,207128,21.614521439,4476972.596617192
0.1200189,207128,21.614521439,4476972.596617192
0.0120359,207128,21.614521439,4476972.596617192
0.0,258518,21.614521439,5587742.853367402
0.0,600000,20.94891323,12569347.938
0.0,100000,20.614521439,2061452.1439
0.0,83784,20.614521439,1727167.064245176
0.0,550000,20.614521439,11337986.79145
0.040467667926536,21000,20.614521439,432904.950219
0.0,4000000,20.614521439,82458085.756
0.0,200000,20.614521439,4122904.2878
0.01817972,21000,20.614521439,432904.950219
0.0,170000,20.569239464,3496770.70888
0.0,95650,20.569239464,1967447.7547316
0.08,286238,20.569239464,5887697.965696432
0.0031648,244610,20.569239464,5031441.66528904
0.015170019999999002,21868,20.411087613,446349.66392108396
0.01,48808,20.266455152,989165.143058816
0.001231,22000,20.104229838,442293.056436
0.029862156461198705,21000,20.104229838,422188.82659799996
0.001729959026070722,21000,20.104229838,422188.82659799996
0.011540868719789,21000,19.958632391,419131.28021099995
0.0,201151,19.914521439,4005825.901976289
0.0,369294,19.914521439,7354313.280294066
0.0,50000,19.814521439,990726.07195
0.04065557,210000,19.814521439,4161049.50219
0.15410563,210000,19.814521439,4161049.50219
0.000661882466883299,21000,19.724521439,414214.950219
0.0,78151,19.714521439,1540709.564979289
0.00606,21000,19.714521439,414004.950219
0.0,336008,19.714521439,6624236.919675511
0.0,247062,19.714521439,4870709.095762217
0.05,234432,19.714521439,4621714.689987647
0.0,165502,19.714521439,3262792.727197378
1e-05,81267,19.714521439,1602140.013783213
0.0,104665,19.714521439,2063420.3864129349
0.047971799645395,21000,19.714521439,414004.950219
0.06,174120,19.714521439,3432692.47295868
1.1,196570,19.714521439,3875283.4792642295
0.06,21000,19.714521439,414004.950219
0.0994,21000,19.714521439,414004.950219
0.145,206762,19.714521439,4076213.8817705177
0.037,208389,19.714521439,4108289.4081517705
0.0,48837,19.714521439,962798.0835164429
0.0,500000,19.714521439,9857260.7195
0.0,46965,19.714521439,925892.4993826349
0.0,46205,19.714521439,910909.463088995
0.0,69163,19.714521439,1363515.446285557
0.0,52980,19.714521439,1044475.34583822
0.032709828970278,21000,19.714521439,414004.950219
0.11225288536622043,199983,19.714521439,3942569.140935537
0.39170982573616997,21000,19.714521439,414004.950219
0.0,48573,19.714521439,957593.4498565469
0.0,29167,19.714521439,575013.4468113129
0.0,104173,19.714521439,2053720.8418649468
1.0,212804,19.714521439,4195329.020304956
0.02,221932,19.714521439,4375283.172000147
0.0,47146,19.714521439,929460.827763094
0.02,221932,19.714521439,4375283.172000147
0.0203873838164441,21000,19.714521439,414004.950219
0.007,21000,19.694521439,413584.950219
0.0,638704,19.664521439,12559808.501175057
0.0,255411,19.664521439,5022535.085256429
0.0,538696,19.664521439,10593199.041103546
0.0599236,90000,19.664521439,1769806.9295100002
0.0,49260,19.658632391,968384.2315806601
0.05606690389145214,27500,19.614521439,539399.3395725
